{
  "bf16": {
    "mean": 0.9883333333333333,
    "delta_vs_baseline": 0.0,
    "retained_pct": 100.0
  },
  "awq": {
    "mean": 0.9866666666666667,
    "delta_vs_baseline": -0.0016666666666665941,
    "retained_pct": 99.83136593591905
  }
}